Country Name,Country Code,2007,2008,2009,2010,2011,2012,2013,2014,2015,2016,2017,2018,2019,2020,2021,2022,2023
Aruba,ABW,,,1082577,703388,1269221,3656987,1702027,2236432,1265878,1255851,2004844,2562890,1655574,1788242,1171746,1735162,1665839
Africa Eastern and Southern,AFE,,,,,,,,,,,,,,,,,
Afghanistan,AFG,,,,,,,,,,,,0,0,,,,
Africa Western and Central,AFW,,,,,,,,,,,,,,,,,
Angola,AGO,,,,,,,,,102003479,101168422,90114520,62390526,79264147,46120730,43596708,77204455,
Albania,ALB,,,10128936,14074208,11890517,10014580,10843586,1960836,16607486,10199913,1118611,591718,1753201,3810240,6384226,886411,
Andorra,AND,33447890,17938621,10402351,19545650,18990190,19714197,21595662,18015813,18000092,21707609,24238350,33883932,37391323,36290169,36063879,49533520,51383658
Arab World,ARB,,,,,,,,,,,,,,,,,
United Arab Emirates,ARE,,211099091,,,,493096229,401391775,1465986043,903670848,484214896,523668921,643634927,670459816,1202292537,2904973069,3214235330,3183641981
Argentina,ARG,1202089048,2014827039,1607442803,1686224603,1926430908,1654528881,1791037027,1509996216,1475181467,1333427025,1487363816,647172446,561915855,546445789,466425814,663679613,689722037
Armenia,ARM,5195605,7247588,5130103,4727643,7448895,7581096,9332592,9307631,11860132,21845447,28282166,36529310,45573711,26514439,37562644,497178920,822532500
American Samoa,ASM,,,,,,,,,,,,,,,,,
Antigua and Barbuda,ATG,,,,,,,0,0,0,162,3183,11437,0,0,0,0,0
Australia,AUS,3859052880,4470937082,3841837829,4556153586,5601419629,5468098058,5342736393,5459155781,5091394845,5379738452,4902492267,5241784852,6336480016,5590752219,6310404299,7827261971,7767880136
Austria,AUT,16729535708,17673554679,14165206601,15801989058,17846798301,18475532604,20793050424,21648234621,18084614342,17333979956,17025647706,16680037036,15967500783,15995936181,17019360151,23542335794,27308757068
Azerbaijan,AZE,16910471,7426765,4537422,7200494,10332315,45373920,73389339,33923114,13928754,11727294,14069403,21177987,27996627,33914977,22212874,49582911,56810637
Burundi,BDI,,,,,,,52352,392605,762345,600998,224837,1919722,44806,22492,52895,279944,
Belgium,BEL,28348121217,31672630338,32169554713,18062114104,19710705572,18578043351,23020452724,26767838222,22552909326,27175805685,25235406983,28165595899,33085086466,34318944448,60841701079,68608511632,50647716012
Benin,BEN,,,,,,,569796,3987990,1171209,577999,3522293,1403781,700714,1410633,1211677,1478628,1700350
Burkina Faso,BFA,,,18492513,11301002,8259133,10978416,14208169,13835438,5765833,6875574,5350847,6498091,34843264,4097239,3595403,2782855,8323768
Bangladesh,BGD,,62063721,44173505,37560962,44006131,105405034,68647591,,93607706,,,,,,,,
Bulgaria,BGR,648369137,803738388,754771930,852976590,1062699686,1021476044,1175494257,1156706424,1188402574,1368015151,1682865600,2012291354,2099870351,2155498073,2629729427,2722362666,3178034114
Bahrain,BHR,,,310482,964226,1619723,7237726,18922393,47086511,22835701,21521243,14797112,11790580,171040707,334578591,18783670,18993642,11523340
"Bahamas, The",BHS,,,76,3454,0,0,0,0,0,5691434,23398744,6223847,4273785,5698918,354749,0,7099
Bosnia and Herzegovina,BIH,,139640670,83124313,74424232,106561255,80755223,82099573,93751572,98638473,96206577,236663996,261343236,253429110,212050903,323354391,346093120,335043704
Belarus,BLR,,417729396,319783299,408291304,515422700,636491396,796837310,694196900,578013704,626372393,721137103,757854091,800555399,857164498,922201805,,
Belize,BLZ,,,,0,409,0,0,0,0,0,10,6270,0,64217,14461,17,0
Bermuda,BMU,,,,,,830077,2667623,2564052,1028795,1280911,1136950,2939782,1569639,869524,1878816,1251163,
Bolivia,BOL,15432769,17442189,14823026,37069953,48204674,52913603,44104414,33146951,24935819,15511283,19397571,19560045,14175220,13485139,22371253,35257941,27251877
Brazil,BRA,9550426879,10797889271,8461145153,8821852402,9144676228,9470914631,9066336666,8794690902,9433128684,10375539028,10715201949,11063190965,9392109980,5944951723,6350128610,7707210423,8060841826
Barbados,BRB,,,,,,,,,,,,,29763464,25313814,19196509,18830529,16529186
Brunei Darussalam,BRN,,,45458745,108137888,112054867,70721764,56850707,61147373,79880356,75587694,159194395,115050,47341781,15965130,30923034,28422821,25220521
Bhutan,BTN,1941520,9525,439945,394616,272,58575,,,,,,,,,,,
Botswana,BWA,,,,,,,26827409,19204185,37935089,29033590,53818634,39468568,18663246,16838415,23428722,38953785,25600565
Central African Republic,CAF,,,,632110,1394,134458,10012,,4091308,6613251,35462286,8173212,88772322,106849,878109,16373796,221989
Canada,CAN,30533466009,30132655640,25646491962,26567981070,27501347864,33113402476,32182263706,28787810893,28242770992,26203266317,26938349605,30480481649,31537324909,25573870176,29240972618,31224620822,35226982857
Central Europe and the Baltics,CEB,,,,,,,,,,,,,,,,,
Switzerland,CHE,36177850584,43496431152,40398414991,43609994818,51150138128,51281753023,54348472738,57103943094,53797217928,55537838910,29834784801,30116125011,29874364250,29246591977,38186912946,81075544288,84443768583
Channel Islands,CHI,,,,,,,,,,,,,,,,,
Chile,CHL,650978627,656558020,475672103,541804285,554621392,578366368,696431125,731680359,580229395,720871030,634869020,667789266,672148298,1368060499,1264185464,1400540500,1841775193
China,CHN,3.44E+11,3.92E+11,3.60E+11,4.75E+11,5.40E+11,5.94E+11,6.56E+11,6.54E+11,6.52E+11,5.95E+11,6.54E+11,7.31E+11,7.15E+11,7.57E+11,9.36E+11,9.24E+11,8.25E+11
Cote d'Ivoire,CIV,,186084319,197108462,70492080,176346416,96850645,165475569,241143808,187852042,126579773,137431681,78786305,141805000,56250897,56851004,58387740,110019023
Cameroon,CMR,,,,,,,13496358,27500532,14038025,11759707,15101442,16426545,12928297,6620517,5718462,,
"Congo, Dem. Rep.",COD,,,,,,,,,63192320,5559878,9340030,26163468,32092118,17461774,4658514,17597529,
"Congo, Rep.",COG,,,,,,,,49507331,53856827,71754303,82791344,40604431,29719757,37906534,38829158,27110079,
Colombia,COL,360296277,475948292,492118043,451119242,433809511,565873207,773381766,762816334,823794429,766933461,692527611,603548552,753154204,689647169,735066988,885893553,873209016
Comoros,COM,,,,,,,,194928,135535,19666,2087641,28546,831114,38577,28418,,
Cabo Verde,CPV,,,0,0,62511,0,,331,,,,12,155282,62460,134350,155610,73876
Costa Rica,CRI,2537251595,2435411709,1794967100,2203396726,2521516046,2732053792,3074134472,2418534772,869824563,951904772,1106655213,1148832582,1154574074,1038666681,1457228331,2066890450,2809087758
Caribbean small states,CSS,,,,,,,,,,,,,,,,,
Cuba,CUB,,,,,,,,,,257965573,38992284,15927235,,,,,
Curacao,CUW,,,,,,,,,,,,,,,,,
Cayman Islands,CYM,,,,,,,,,,,,,,10398277,7773206,,
Cyprus,CYP,96699999,123587752,109541362,143937805,112875071,55513249,56419712,68206259,55429941,56148834,54653535,95281472,92911879,62939856,88015705,93960972,107331661
Czechia,CZE,16672750044,20149160155,17073608123,20408146674,26864951093,25452863333,24683560894,26896989563,24765844904,24696483302,29455304775,36029727754,37662935376,39608918726,41423396626,46554526977,46329135586
Germany,DEU,1.70E+11,1.83E+11,1.59E+11,1.80E+11,2.02E+11,2.03E+11,2.09E+11,2.16E+11,1.99E+11,2.05E+11,1.96E+11,2.10E+11,2.08E+11,1.82E+11,2.12E+11,2.44E+11,2.56E+11
Djibouti,DJI,,,1331100,,,,,,,,,,,,52191021,75036421,88653670
Dominica,DMA,,,0,154223,,1949279,2279542,,,419801,318695,301159,1201516,145604,291177,3200283,367176
Denmark,DNK,12073064150,12417941733,11258588931,9012037384,10408230833,9742007079,10196237936,10640792837,10082748969,10051342801,8888105150,9553980118,9580042594,10456156892,12558476118,14666763778,16067378321
Dominican Republic,DOM,759722912,343578651,181137320,75810618,97374126,145436379,197793260,223058546,207375708,228458931,479793890,388076815,399435146,487003237,565390971,406158882,454061980
Algeria,DZA,6815093,8596814,4615916,5377821,3565017,2215525,3260377,4033112,2549728,4844795,9028313,,,,,,
East Asia & Pacific (excluding high income),EAP,,,,,,,,,,,,,,,,,
Early-demographic dividend,EAR,,,,,,,,,,,,,,,,,
East Asia & Pacific,EAS,,,,,,,,,,,,,,,,,
Europe & Central Asia (excluding high income),ECA,,,,,,,,,,,,,,,,,
Europe & Central Asia,ECS,,,,,,,,,,,,,,,,,
Ecuador,ECU,,80058801,53152326,146115718,59881532,55266062,78368915,81594902,103054631,111067371,93241535,68768816,67994135,52973250,77485367,124665033,106992254
"Egypt, Arab Rep.",EGY,,102650631,86522520,104581856,133427058,78780667,72676207,168393198,89778932,56095790,73845752,124115195,323587661,347931933,645859214,766542713,697613295
Euro area,EMU,,,,,,,,,,,,,,,,,
Eritrea,ERI,,,,,,,,,,,,,,,,,
Spain,ESP,10520143620,11253501247,10376050434,11505353187,13556130443,13769965368,14480413179,14666986404,13111339617,15601713039,14946962289,15484719194,15037416553,15726202393,23457225215,33298624237,25806027599
Estonia,EST,838058280,915174912,615941848,1253045395,2547547680,2356406386,2546333378,2709032485,2053390810,2107825808,1846642347,1911072435,1737778171,2169488523,2681060611,2331439433,2085454295
Ethiopia,ETH,,8353857,6989321,9180690,5740332,8250875,5597838,24230914,15626489,10506299,7937400,9903649,44073888,43204864,24782074,9017811,9855262
European Union,EUU,2.78E+11,3.01E+11,2.66E+11,2.91E+11,3.36E+11,3.43E+11,3.55E+11,3.55E+11,3.39E+11,3.45E+11,3.48E+11,3.69E+11,3.82E+11,3.29E+11,3.88E+11,4.69E+11,4.98E+11
Fragile and conflict affected situations,FCS,,,,,,,,,,,,,,,,,
Finland,FIN,15796307016,16911748578,8741751895,7052407551,6421629231,5472643075,4695482191,5102766370,4250905950,3966871438,4405324838,4515449913,4563293049,4419553378,5489726511,5314037683,5292503329
Fiji,FJI,,5281247,5173537,5193601,5389494,2770711,2718566,3433096,2717010,3397551,4217989,4667872,6263592,11123736,1950223,2268902,1594712
France,FRA,85956078923,98888839634,88002941740,1.05E+11,1.12E+11,1.14E+11,1.19E+11,1.21E+11,1.10E+11,1.09E+11,1.09E+11,1.18E+11,1.21E+11,87513986459,97729573744,1.06E+11,1.15E+11
Faroe Islands,FRO,135174,6442960,358803,,,,,,,,,,,,,,
"Micronesia, Fed. Sts.",FSM,,,,,,,,,,,,,,,,,
Gabon,GAB,,,,77925114,29617393,129190911,38531502,89390082,61949326,94533513,51877570,98516906,64376117,59109890,40017534,78992997,40040970
United Kingdom,GBR,68910890387,67549496673,48685088911,66763505658,75837991775,73189556183,74738907476,76056349521,74614813819,73847891849,73731450536,75625933738,76930491386,58169579347,66732692546,74407155054,82372118999
Georgia,GEO,,,14814975,12436532,12154187,20048799,21318338,26436679,34242243,16319719,21231758,23144128,15548971,13231875,16787165,39454213,31139119
Ghana,GHA,,,,9152124,23837344,74464827,62205333,96040603,89431412,21058841,41175497,50025593,9976531,,8559644,20927708,20813123
Gibraltar,GIB,,,,,,,,,,,,,,,,,
Guinea,GIN,,,,,,,989751,3601290,2455734,799556,,,,,,,
"Gambia, The",GMB,,,,,22564,12713,24497,0,738,0,2090,6065,402,1274,20,24121,14930
Guinea-Bissau,GNB,,,,,,,,,18,,,,,,,,
Equatorial Guinea,GNQ,,,,,,,,,,,,,,,,,
Greece,GRC,1121470129,1561744986,1363815916,1293893167,1402486556,1138029201,951302817,1338279317,1330159357,1416985518,1384671573,1755535165,1779259833,2006739599,2250610346,2860598783,3023255566
Grenada,GRD,,,,78111,70689,195833,195026,1221586,355897,2988674,331598,1278881,796930,112035,90309,110475,420417
Greenland,GRL,1700118,486704,300791,13306187,1773158,3325948,919559,257025,12776481,2115984,1743349,487974,,,,,
Guatemala,GTM,125891929,157358135,149657665,228548345,198225103,208074794,213666508,229707719,249132210,259701215,246967065,255865387,241814990,300037283,332469285,369983861,376979755
Guam,GUM,,,,,,,,,,,,,,,,,
Guyana,GUY,411706,70848,16213,74241,95679,41530,119766,105393,90066,161359,254735,82753,95124,1438979,139915,111140,9073399
High income,HIC,,,,,,,,,,,,,,,,,
"Hong Kong SAR, China",HKG,2650471846,2354314529,1999987979,2527687279,1223153426,962304721,680834176,540927728,453118850,469857067,2.94E+11,3.30E+11,3.22E+11,3.40E+11,4.32E+11,4.05E+11,3.69E+11
Honduras,HND,9817623,,15499136,19523512,12063500,39629388,,44612409,18698692,37759500,45740962,29002648,12597313,58998495,21992491,,
Heavily indebted poor countries (HIPC),HPC,,,,,,,,,,,,,,,,,
Croatia,HRV,803499581,936967178,793006198,817139883,776020576,913351645,999788815,915598803,915727467,1336109796,926522170,1011950033,952468476,1084083418,1330725251,1736046687,1738860511
Haiti,HTI,,,,,,,,,,,,,,,,,
Hungary,HUN,20016939000,21678437000,18119145000,20245844000,22847617000,17575545657,17134185796,15681730021,14668188045,15894221309,17001565128,18051188622,18443341363,18196444682,19838941890,22854435493,24367700793
IBRD only,IBD,,,,,,,,,,,,,,,,,
IDA & IBRD total,IBT,,,,,,,,,,,,,,,,,
IDA total,IDA,,,,,,,,,,,,,,,,,
IDA blend,IDB,,,,,,,,,,,,,,,,,
Indonesia,IDN,,,,7193215376,7401356876,7360679507,6567489793,6619076393,5891714980,5415731582,5971620053,6382145126,6281290684,6408750621,7492179183,10347100957,10509333468
IDA only,IDX,,,,,,,,,,,,,,,,,
Isle of Man,IMN,,,,,,,,,,,,,,,,,
India,IND,,,11219528624,10668887032,14508694707,13881886778,17945576995,18334404544,14588767825,14266747536,15104651310,20197216794,23471089532,21583797567,27447578528,35784973166,40942449667
Not classified,INX,,,,,,,,,,,,,,,,,
Ireland,IRL,33510907501,33374983553,28517661808,23325036070,27791424343,26188451630,25028070785,25849514946,30612422468,37992126178,35187488969,36589471149,39354392694,43116907694,49840175468,92067922569,91363721988
"Iran, Islamic Rep.",IRN,,,,,659194102,,270444995,299157502,248619292,249202513,278924954,153102175,157768737,119892696,96091680,,
Iraq,IRQ,,,,,,,,,,,,,,,,,
Iceland,ISL,774999876,417158644,246422112,142432246,157705798,111300713,94981022,119694464,111537786,136817642,167559775,143434873,305002018,144580750,239162849,322470151,453683000
Israel,ISR,3122027000,9659078000,10540404000,10584549000,11681101000,11566230000,11744655000,12408558000,14350467000,12192743000,12057518000,12968810000,12564139000,12960847000,16092016000,18960759000,18160193649
Italy,ITA,27823962961,29484983562,25668989067,29268480484,33756014081,29554731669,31881513868,32867361936,30092633847,31090352971,31882039823,32491568119,32553693542,32899224952,36849787531,45177261781,52167641514
Jamaica,JAM,,6447306,4303754,2935421,4141872,4638188,4359115,3313970,552512,2140280,2485946,4123124,2128180,1133039,1034853,927489,1222621
Jordan,JOR,38758059,42631515,50931448,122345003,117330936,107823091,82010005,93168509,121229996,149415961,83323210,74306906,71400168,78697323,109412830,129255367,177694397
Japan,JPN,1.29E+11,1.31E+11,1.04E+11,1.30E+11,1.33E+11,1.29E+11,1.11E+11,1.08E+11,98394425742,99260695081,1.06E+11,1.11E+11,1.04E+11,1.03E+11,1.17E+11,1.13E+11,1.03E+11
Kazakhstan,KAZ,,,1812401770,2364781921,2599147008,3570823080,3111007262,3394068818,2855226725,2073669213,1785382621,1772255489,2224579104,2031756167,2117626840,3760939727,5145671171
Kenya,KEN,,80115543,98510554,117847746,,,78080483,,81211504,136067548,48618065,54893824,82489558,85930692,57056299,45746966,60148845
Kyrgyz Republic,KGZ,,11468188,10988696,2970808,11894487,16118188,17235761,6232732,43740659,66838962,88906754,40021412,29752221,27637566,87115119,135451210,195275130
Cambodia,KHM,1604572,3806890,9960158,8239391,7198370,13857078,73018958,31192963,121425752,171116016,177205288,164816028,160372357,308424335,454908154,1225957686,
Kiribati,KIR,,,,,,,,38745,23849,42924,59185,57241,,83778,4264,,
St. Kitts and Nevis,KNA,,,7420,302278,34590,12585339,10761053,7944481,4863483,5702669,6842005,,,,,,
"Korea, Rep.",KOR,1.07E+11,1.11E+11,1.04E+11,1.32E+11,1.34E+11,1.31E+11,1.43E+11,1.49E+11,1.47E+11,1.36E+11,1.67E+11,1.93E+11,1.54E+11,1.63E+11,2.04E+11,2.10E+11,
Kuwait,KWT,,,,127947715,131447310,,97598779,5504359,4071885,3815330,5445869,231418445,26496306,30598853,33548389,23822001,54309594
Latin America & Caribbean (excluding high income),LAC,,,,,,,,,,,,,,,,,
Lao PDR,LAO,,,,19433467,21093610,11789240,45042419,153548987,298095207,275176770,389702557,467981187,229427362,235751311,109835608,,
Lebanon,LBN,51312506,77065641,161873523,605196865,61167596,44885450,49912501,46483050,37657222,38914218,45983340,39532007,65240726,76215638,43838265,323842671,98096541
Liberia,LBR,,,,,,,,,,,35034938,9816795,1141739,3035,961787,859787,97955
Libya,LBY,,,,,,,,,,,,,1125922,,,,
St. Lucia,LCA,,,,,,1513358,2882323,2100682,2083157,4560981,3921940,9947111,5341840,2887310,,,
Latin America & Caribbean,LCN,,,,,,,,,,,,,,,,,
Least developed countries: UN classification,LDC,,,,,,,,,,,,,,,,,
Low income,LIC,,,,,,,,,,,,,,,,,
Liechtenstein,LIE,,,,,,,,,,,,,,,,,
Sri Lanka,LKA,,103072721,46943092,62430443,71718329,60090878,72418950,71136595,63227842,67493927,79028241,,90992885,83151264,94328328,103356170,112381343
Lower middle income,LMC,,,,,,,,,,,,,,,,,
Low & middle income,LMY,,,,,,,,,,,,,,,,,
Lesotho,LSO,,,,,,,,,817863,3060332,1008052,434789,1323583,237290,535475,666218,
Late-demographic dividend,LTE,,,,,,,,,,,,,,,,,
Lithuania,LTU,1277430699,1548661446,961430531,1263210387,1582168096,1712696458,1907236937,2092945195,1919844678,1962936712,2317776578,2516321201,2527082809,2619281589,3107242456,3618309366,3740035230
Luxembourg,LUX,1411416358,1146735631,1044211102,963101610,1136384437,925505869,743286957,679505046,702205301,811598442,623101763,858272049,790998624,618381650,806654895,820151287,801169826
Latvia,LVA,356103096,430112106,374743451,430956978,633818057,777101185,1082132640,1329551397,1291461256,1203265197,1413241527,1879359261,1469867603,1837827506,1946947495,2031294038,2076324272
"Macao SAR, China",MAC,0,0,0,0,0,0,0,38294,0,0,4766535,0,0,0,0,0,0
St. Martin (French part),MAF,,,,,,,,,,,,,,,,,
Morocco,MAR,,,,,,,,,564402063,602597980,691266526,836699067,1017946687,850002482,1132107354,1392530221,1723700823
Monaco,MCO,,,,,,,,,,,,,,,,,
Moldova,MDA,,,10339752,20486361,19854270,26511802,16758559,26537316,20726514,15491763,30060831,18848598,24947389,18904904,21773455,22595261,28885013
Madagascar,MDG,9295683,80367513,11497504,18882374,65670723,6916909,46778145,11096042,12823723,10870921,9810822,8235322,7250779,3274143,3063735,3306828,3982231
Maldives,MDV,,,,,,,,,,120,708,,,2793,10421,37875,646
Middle East & North Africa,MEA,,,,,,,,,,,,,,,,,
Mexico,MEX,,43764789930,38927526530,49221673862,52264964480,57555129440,58518033081,61566553721,60222704580,62489596572,69637771602,74827258646,75166404372,71010208559,74981570074,91195069526,81456744669
Marshall Islands,MHL,,,,,,,,,,,,,,,,,
Middle income,MIC,,,,,,,,,,,,,,,,,
North Macedonia,MKD,23250278,38587386,53493337,81123621,129992844,117340027,122676418,130746178,125087129,113781430,186205169,234169973,252769719,232386915,276603713,288192179,387658985
Mali,MLI,,3373034,,3204182,7320665,3974159,,,,10105788,3017420,10404137,11053681,,,,
Malta,MLT,1491152030,1346412378,1006410358,1185075425,1315205837,1272189923,1016402096,856958447,634073649,582916892,650667575,760310070,754560031,844223212,763239296,1015509185,1234225995
Myanmar,MMR,,,,58189,3743377,15467021,6071366,15846765,9486539,252834722,285995158,325332206,219420966,225716430,305581286,200938589,190414450
Middle East & North Africa (excluding high income),MNA,,,,,,,,,,,,,,,,,
Montenegro,MNE,,6277349,16652966,8629674,8063951,9889196,6909504,11118362,11848593,5165280,5133170,4246457,9697705,9960411,13067233,14413066,15199424
Mongolia,MNG,7109238,,,,,,22669722,33796542,3152908,35523918,3779196,6763247,39589731,3052935,25335204,51137809,
Northern Mariana Islands,MNP,,,,,,,,,,,,,,,,,
Mozambique,MOZ,,,,,,104748498,82425059,44098229,31400311,12215239,32332952,27233066,4329718,2250366,8017648,18227789,16632000
Mauritania,MRT,,,,,,,,,,44,,,3399,1190218,1380718,1093142,3637891
Mauritius,MUS,,102798711,22748807,6212760,9788104,10637134,6397088,354999,1289226,1053133,28412077,31292625,24299494,20091030,2679317,16986363,6408555
Malawi,MWI,,2124316,3765879,1802093,22804360,1663907,10906009,9986124,1895328,2983847,1072475,1170462,4011025,1317730,4625003,2422189,4133308
Malaysia,MYS,,,56043588431,66075248917,66767865284,66601865553,67098769337,70953123101,64470973254,63205038631,74126053407,90503212029,86902999434,92101649422,1.09E+11,1.37E+11,1.27E+11
North America,NAC,,,,,,,,,,,,,,,,,
Namibia,NAM,86882853,24463166,44986748,50571766,48214196,108461161,72391902,114166739,6257803,24272101,2162374,2888325,169247,181587,639994,764250,845964
New Caledonia,NCL,,5592597,141282997,6491337,160695822,85540786,99288066,137707109,38232165,,,,,,,,
Niger,NER,,,4864197,4573268,3285632,4737341,53489209,72921911,11881005,4109929,17744305,5845178,1838136,8771623,12797212,5924134,2603432
Nigeria,NGA,,,47289187,63081914,40538812,77755370,91782074,140225736,495095302,7388348,18315636,41645089,85424677,190326678,195947207,76668152,65160240
Nicaragua,NIC,5557883,8213328,7447275,6223783,7559400,4344649,7424951,9951105,11891363,17029801,12612402,14953054,24126467,9890059,30355921,37239155,22949838
Netherlands,NLD,83812029231,78409728585,67945347790,77595336626,86024475895,81513741828,80936819220,84488370148,69778885270,71059988656,77793879014,85620091095,87057975323,87232912188,1.01E+11,98441621634,1.11E+11
Norway,NOR,4446013282,5404015530,4893704319,4943819869,5379991584,5157077194,5372322266,5698284176,5035663952,4312063971,4265636721,4318612767,4610745766,4069222591,4733483567,5351662717,5957981536
Nepal,NPL,,,2526185,4313163,2783697,816353,1912532,4401482,2850013,4241552,5993524,3263597,5285142,9513473,6433383,3815787,
Nauru,NRU,,,,,,,,,,,,,,,,,
New Zealand,NZL,666691693,638301208,521238449,616514283,729698249,762196446,775321384,699116173,657060269,640136073,564057385,605401280,572755338,589049116,673724583,826243764,823527942
OECD members,OED,,,,,,,,,,,,,,,,,
Oman,OMN,,,,,,167104199,159946801,230872195,138986749,50129889,48362452,73302556,77192098,589224440,662031837,784366169,441801906
Other small states,OSS,,,,,,,,,,,,,,,,,
Pakistan,PAK,,279153357,233461231,268289997,324894440,316859945,354220539,264492176,266537589,311291838,360255508,374563536,396194498,309393322,318590723,329716126,384348995
Panama,PAN,,1108988,900031,696662,1430455,464508,50963,231391,457,822563,182494,88765,255848,694221,333800,333696,1339544
Peru,PER,,121648831,121323413,427994492,322873522,355039046,355131400,206108972,302441321,186687352,211714389,210905058,179192646,172740806,222582995,263430270,264161339
Philippines,PHL,,,,,,,,,,,33502538621,33903662791,35825986531,34896354090,38194465821,41726956647,37090950135
Palau,PLW,,,,,,,,1144672,2231245,3509603,1277066,401590,,,,,
Papua New Guinea,PNG,,,,,65906268,15613328,,,,,,,46982983,61780229,86295937,,
Poland,POL,4362127682,7363448740,7803885489,9591093862,9700758960,10728842468,13662050275,16757316984,16502308101,16888118842,18837376641,21763148628,19830978892,19970865152,23837274338,28739310787,29592130553
Pre-demographic dividend,PRE,,,,,,,,,,,,,,,,,
Puerto Rico,PRI,,,,,,,,,,,,,,,,,
"Korea, Dem. People's Rep.",PRK,,,,,,,,,,,,,,,,,
Portugal,PRT,3502617645,3575493699,1617971205,1498647775,1830313490,1919376035,2135835442,2314872279,2095894950,2457361282,2816256592,2978019017,3594840031,3366105196,3561400342,4255453752,4196056729
Paraguay,PRY,26187347,39796552,40885859,41672586,59113184,56616781,66156748,62065735,50417840,60873341,62253533,102336649,76176090,54397925,103189077,179235119,162697885
West Bank and Gaza,PSE,3416667,4747147,6979502,11226657,696891,1128720,376541,1101491,5860647,4340427,4292150,6243919,6637323,11992939,14531924,12160336,
Pacific island small states,PSS,,,,,,,,,,,,,,,,,
Post-demographic dividend,PST,,,,,,,,,,,,,,,,,
French Polynesia,PYF,,,11329679,6154933,20494065,2388577,8787972,20716843,11000066,36375902,15891381,12182965,30906026,5106597,23343057,9877273,1514715
Qatar,QAT,,,950861,,112596,63779825,50968303,33371,96835993,62631,292250,155450581,122141,466395732,147790556,270331668,245655998
Romania,ROU,1426932274,2632265882,3349425457,4856879314,5673719716,3649892920,3679011313,4471798730,4436062615,5254489145,5558598945,6636993376,6994471752,6984619201,8026993060,8531975344,9724366747
Russian Federation,RUS,4336664850,5491417754,4780780606,5291117660,5753483733,7731024109,9223725735,10431810993,11478187273,11237691896,10385740894,10107859553,10783402806,6567475904,10598637533,,
Rwanda,RWA,,,14886450,1238517,3358273,1097405,2392667,6763641,8666022,5547310,3552188,3510626,6910595,5221136,9522923,6797226,
South Asia,SAS,,,,,,,,,,,,,,,,,
Saudi Arabia,SAU,131262705,180686088,210190656,202105315,213847737,258048046,289615029,254738828,278134035,421285338,261725661,252696058,270579690,217407449,158436056,,3641055220
Sudan,SDN,,,,,,6500,1401074,1230308,1014184,1526016,549176,869554,,,,,
Senegal,SEN,,48947206,105118316,14627178,9078755,8594912,11616694,14570001,28135985,23026460,18853043,28155690,9427038,7556051,26333300,37258335,22544982
Singapore,SGP,1.10E+11,1.24E+11,99697714507,1.32E+11,1.32E+11,1.36E+11,1.43E+11,1.45E+11,1.39E+11,1.35E+11,1.47E+11,1.55E+11,1.50E+11,1.60E+11,1.92E+11,2.14E+11,1.97E+11
Solomon Islands,SLB,,,,,,,,,193415,525542,305203,171263,,,,,
Sierra Leone,SLE,,,,,,,,2251,553,1150,1349,379079,,,,,
El Salvador,SLV,188505755,200722855,177794297,235605824,238654078,225446747,227691500,226164854,208807068,223937538,251239528,277843373,230311118,228122461,348626313,414452908,296585304
San Marino,SMR,,,,,,,,,,,,,,,,,
Somalia,SOM,,,,,,,,,,,,,,,,,
Serbia,SRB,264518037,318687315,294006497,309560624,326761179,462575930,439359785,450081838,392491901,408738236,399853208,463875160,514413657,710934754,927101298,1087552014,1358732901
Sub-Saharan Africa (excluding high income),SSA,,,,,,,,,,,,,,,,,
South Sudan,SSD,,,,,,,,,,,,,,,,,
Sub-Saharan Africa,SSF,,,,,,,,,,,,,,,,,
Small states,SST,,,,,,,,,,,,,,,,,
Sao Tome and Principe,STP,,,,,4359,101787,117701,4081,222420,739677,386566,1332857,191951,139614,78068,15026,70979
Suriname,SUR,,,,5516346,5886909,11673958,4466089,7305535,2471125,2519616,3001093,1169001,2914166,2807564,5291087,29030501,5300351
Slovak Republic,SVK,2685615368,3057611776,3058542733,4117586378,5015333938,6429707770,8084068922,8401870343,7465236079,7474395968,8807968041,8973435760,8049156331,7860143292,8421902423,7989914994,10122798808
Slovenia,SVN,1322363319,1647932996,1331688478,1259925784,1499878902,1492657882,1586846781,1622650470,1552490057,1672142442,1755022210,2091045196,2333300643,2542920750,2476347678,3924918658,4206749873
Sweden,SWE,21938427989,23713778281,18595606024,22906423844,25829989917,22170259994,21883049806,21308037662,18916107685,18699490249,17107877138,17178539228,17422272463,17731149372,18973178383,23544889099,25152736881
Eswatini,SWZ,,2364954,2067521,2320779,1367686,698635,1162950,1063575,2771688,2250765,3620940,11447254,3567569,3747606,4198951,3985543,3576837
Sint Maarten (Dutch part),SXM,,,,,,,,,,,,,,,,,
Seychelles,SYC,,,,,,,3577815,2061796,1372918,1062096,35294430,5531342,1946698,1315183,784869,8462099,711
Syrian Arab Republic,SYR,,86642890,47278461,38812401,,,,,,,,,,,,,
Turks and Caicos Islands,TCA,,,,,142047,208171,,,,,,,,,,,
Chad,TCD,,,,,,,,,,,,,,,,,
East Asia & Pacific (IDA & IBRD countries),TEA,,,,,,,,,,,,,,,,,
Europe & Central Asia (IDA & IBRD countries),TEC,,,,,,,,,,,,,,,,,
Togo,TGO,,97773,255620,164313,855900,681561,938952,531884,3127071,289271,3202737,337247,198643,915082,1274941,1239758,2229077
Thailand,THA,32633216169,33562601078,30093421406,37220309522,36145343805,37417929887,37098695791,38451617301,38817555616,39029549638,43935559396,44754206998,43957436600,45815361315,50016560454,53769309657,54112421409
Tajikistan,TJK,,,,,,,,,,42447877,23657211,7128213,7874133,1554883,734896,3026694,
Turkmenistan,TKM,,,,,,,,,,,,,,,,,
Latin America & the Caribbean (IDA & IBRD countries),TLA,,,,,,,,,,,,,,,,,
Timor-Leste,TLS,,,,,,,,,,,,,,,,,
Middle East & North Africa (IDA & IBRD countries),TMN,,,,,,,,,,,,,,,,,
Tonga,TON,,0,8644,242,1439,152707,56676,28003,,,,,,,,,
South Asia (IDA & IBRD),TSA,,,,,,,,,,,,,,,,,
Sub-Saharan Africa (IDA & IBRD countries),TSS,,,,,,,,,,,,,,,,,
Trinidad and Tobago,TTO,60964395,36208243,3466997,2859229,6476135,32895103,10354187,6111216,5633308,5563408,6571219,5465716,10677515,4512408,5248961,6251561,
Tunisia,TUN,,768243968,744466250,999336267,1085024422,854246053,801060250,871478331,838436577,871067168,850828851,828929551,840506111,832607036,959678980,1041437024,1198528314
Turkiye,TUR,1883247744,1963946211,1587951755,1943401874,2202177883,2327323000,3782775017,4293034117,3872189201,3421690692,4069123083,3735743019,4280255330,4172760165,5715371245,6906506415,8461609431
Tuvalu,TUV,,,,,,,,,,,,,,,,,
Tanzania,TZA,,16576002,19092797,28334815,43178785,99499785,50138761,28115055,9429192,17985730,16954704,186259360,9216395,18387069,14675348,17578118,43110701
Uganda,UGA,,5462128,3640910,6764101,153400859,177482058,9213750,11575196,9706303,8458426,8123723,19620087,15782091,11773219,17816471,,
Ukraine,UKR,,,,,1932450185,2647760449,2234806486,1990020494,1494839137,1123013376,1213593921,1213122591,1165833595,1175961260,1283624066,888066464,728946823
Upper middle income,UMC,,,,,,,,,,,,,,,,,
Uruguay,URY,49306192,82005246,81823095,116183374,136348947,198244859,193922905,178779702,273945030,153433874,129215276,120520508,115769162,113936601,132818761,185880308,188475643
United States,USA,2.41E+11,2.43E+11,1.51E+11,1.66E+11,1.67E+11,1.69E+11,1.69E+11,1.76E+11,1.75E+11,1.74E+11,1.55E+11,1.54E+11,1.54E+11,1.42E+11,1.69E+11,1.92E+11,2.09E+11
Uzbekistan,UZB,,,,,,,,,,,39348767,12132374,20474819,42220494,15074495,83976163,200637379
St. Vincent and the Grenadines,VCT,,,44381,8505,1400,2654,11120,2093,0,186,55,111,1120027,0,146,191441,535939
"Venezuela, RB",VEN,,,,,,,,,,,,,,,,,
British Virgin Islands,VGB,,,,,,,,,,,,,,,,,
Virgin Islands (U.S.),VIR,,,,,,,,,,,,,,,,,
Viet Nam,VNM,,3016805392,3533883638,6069554443,11709409219,21346437527,32759478692,36376040130,47524790042,55216909912,74114052667,82611228668,90430194116,1.02E+11,1.20E+11,1.36E+11,
Vanuatu,VUT,,,,,,,,,,,,,,,,,
World,WLD,,,,,,,,,,,,,,,,,
Samoa,WSM,,,183567,591648,365806,114963,210850,429830,148078,171154,74642,142119,105678,,53764,36152,396638
Kosovo,XKX,,,,,,,,,,,,,,,,,
"Yemen, Rep.",YEM,,,382625,398148,678968,584721,2668283,1319726,3030318,,,,,,,,
South Africa,ZAF,1933150392,2089264358,1483141300,2498966663,2745990089,2861275747,2615633129,2807326935,2810596503,2398089362,2198581396,2091970957,1833309591,1835319303,2418464070,2494861682,2215402355
Zambia,ZMB,,4001399,4979110,2600041,11889970,46122333,16747925,18101351,29388136,182881125,36185168,25103534,21464462,10714229,10218867,8748554,14668136
Zimbabwe,ZWE,,58984637,7586439,9504795,8976852,20208296,18935955,12120906,11810010,13725165,11180300,9709358,27782789,8275259,4788223,7822102,10554661
